origin,horizon,model_wape,baseline_wape,model_bias,baseline_bias,n_obs
2025-10-13,1,0.09980551864612298,0.11394643759474482,-0.6298339702733279,-0.5,50
2025-10-13,2,0.06896515057801131,0.11370186009955463,1.3741760740641775,2.36,50
2025-10-13,3,0.14361215721793336,0.09845158308296742,-11.90935475532207,-0.8,50
2025-10-13,4,0.08885247938400749,0.10350467289719627,-2.844163847576691,-0.02,50
2025-10-13,5,0.07479942673057931,0.10827137546468402,-2.673523056063526,2.56,50
2025-10-13,6,0.10436415349363866,0.10516431924882629,-1.153611697323758,2.24,50
2025-10-13,7,0.10488207555270442,0.13568425969173284,-2.693819809797588,-4.3,50
2025-10-13,8,0.11433229499734046,0.11738046680262859,-5.6204684791804285,-0.28,50
2025-10-20,1,0.08983897383927572,0.11370186009955463,2.556767078100189,2.36,50
2025-10-20,2,0.12711055453944536,0.09845158308296742,-9.88741476771821,-0.8,50
2025-10-20,3,0.08789423928742736,0.10350467289719627,-0.8732203106171794,-0.02,50
2025-10-20,4,0.07447205554169695,0.10827137546468402,-2.598857041343402,2.56,50
2025-10-20,5,0.08818913655154009,0.10516431924882629,-0.8714823266691148,2.24,50
2025-10-20,6,0.09682798122094408,0.13568425969173284,-0.5782390280474224,-4.3,50
2025-10-20,7,0.10363735655544926,0.11738046680262859,-3.7281738726596787,-0.28,50
2025-10-20,8,0.09693840802391399,0.1111111111111111,-4.1597423131273485,0.42,50
2025-10-27,1,0.10438913121055222,0.09845158308296742,-7.132781324412897,-0.8,50
2025-10-27,2,0.095397255121492,0.10350467289719627,-0.7500266384325154,-0.02,50
2025-10-27,3,0.08284867758332003,0.10827137546468402,-2.4218653971899498,2.56,50
2025-10-27,4,0.09813083269585732,0.10516431924882629,-0.6887771232897336,2.24,50
2025-10-27,5,0.10947716341493877,0.13568425969173284,-3.9278245782885532,-4.3,50
2025-10-27,6,0.1098885469951946,0.11738046680262859,-5.421099693067816,-0.28,50
2025-10-27,7,0.09725260237318349,0.1111111111111111,-2.8682363398236124,0.42,50
2025-10-27,8,0.09344253438402655,0.14097527155072798,-1.0503429059981237,-0.4,50
2025-11-03,1,0.09216601289350573,0.10350467289719627,-0.36581455938810764,-0.02,50
2025-11-03,2,0.0706228776063519,0.10827137546468402,-1.2700420903164935,2.56,50
2025-11-03,3,0.10888458333399031,0.10516431924882629,0.29499841786072667,2.24,50
2025-11-03,4,0.11773566763051174,0.13568425969173284,-0.9186252646424223,-4.3,50
2025-11-03,5,0.10407645896119212,0.11738046680262859,-3.3067689966812823,-0.28,50
2025-11-03,6,0.08894103934216499,0.1111111111111111,0.004813294122791944,0.42,50
2025-11-03,7,0.10169662983523528,0.14097527155072798,0.43903954594063277,-0.4,50
2025-11-03,8,0.0958778720743989,0.12745778394633356,0.33236878313010976,1.38,50
