sku_id,horizon_week,forecast_units,forecast_low,forecast_high
SKU001,2025-12-29,88.96696859390933,66.725226445432,111.20871074238666
SKU002,2025-12-29,59.368539158431716,44.52640436882379,74.21067394803964
SKU003,2025-12-29,33.823230297075874,25.367422722806907,42.27903787134484
SKU004,2025-12-29,34.23520181240767,25.67640135930575,42.79400226550958
SKU005,2025-12-29,111.69783381952585,83.7733753646444,139.62229227440733
SKU006,2025-12-29,39.0786500954639,29.308987571597925,48.848312619329874
SKU007,2025-12-29,174.08711157088607,130.56533367816456,217.60888946360757
SKU008,2025-12-29,109.95777179328564,82.46832884496423,137.44721474160707
SKU009,2025-12-29,75.57083408141587,56.678125561061904,94.46354260176983
SKU010,2025-12-29,115.30147799978828,86.4761084998412,144.12684749973533
SKU011,2025-12-29,18.401781411214724,13.801336058411042,23.002226764018406
SKU012,2025-12-29,170.07939251453996,127.55954438590497,212.59924064317494
SKU013,2025-12-29,89.17491290941716,66.88118468206287,111.46864113677145
SKU014,2025-12-29,133.0714122898337,99.80355921737527,166.3392653622921
SKU015,2025-12-29,23.474274984649295,17.60570623848697,29.34284373081162
SKU016,2025-12-29,90.02419995503948,67.51814996627961,112.53024994379935
SKU017,2025-12-29,98.4238589120155,73.81789418401164,123.02982364001937
SKU018,2025-12-29,176.0985350696792,132.0739013022594,220.123168837099
SKU019,2025-12-29,106.66223222404328,79.99667416803246,133.3277902800541
SKU020,2025-12-29,93.0599508819086,69.79496316143145,116.32493860238576
SKU021,2025-12-29,49.269044311308235,36.95178323348118,61.58630538913529
SKU022,2025-12-29,73.91551042166175,55.436632816246316,92.39438802707718
SKU023,2025-12-29,109.43187369561825,82.07390527171368,136.7898421195228
SKU024,2025-12-29,88.83736486427453,66.6280236482059,111.04670608034317
SKU025,2025-12-29,17.930159687409137,13.447619765556853,22.412699609261423
SKU026,2025-12-29,147.44622197670628,110.58466648252971,184.30777747088285
SKU027,2025-12-29,168.36694576438447,126.27520932328835,210.45868220548059
SKU028,2025-12-29,32.913907327067086,24.685430495300317,41.142384158833856
SKU029,2025-12-29,113.49793340798637,85.12345005598978,141.87241675998297
SKU030,2025-12-29,28.021920466368297,21.01644034977622,35.02740058296037
SKU031,2025-12-29,121.17983718853064,90.88487789139798,151.4747964856633
SKU032,2025-12-29,63.04720914658829,47.28540685994122,78.80901143323536
SKU033,2025-12-29,111.93271390900873,83.94953543175654,139.9158923862609
SKU034,2025-12-29,136.79814008981182,102.59860506735887,170.99767511226477
SKU035,2025-12-29,142.16363777036554,106.62272832777415,177.70454721295692
SKU036,2025-12-29,30.12774545372265,22.595809090291986,37.65968181715331
SKU037,2025-12-29,161.13483975038503,120.85112981278877,201.41854968798128
SKU038,2025-12-29,52.6517397045129,39.488804778384676,65.81467463064112
SKU039,2025-12-29,17.356484984872218,13.017363738654163,21.695606231090274
SKU040,2025-12-29,91.30147563613659,68.47610672710243,114.12684454517074
SKU041,2025-12-29,74.29478738607841,55.72109053955881,92.86848423259801
SKU042,2025-12-29,161.93259691916,121.44944768937,202.41574614895
SKU043,2025-12-29,160.36589992819003,120.27442494614252,200.45737491023755
SKU044,2025-12-29,57.238236171375924,42.928677128531945,71.5477952142199
SKU045,2025-12-29,173.01738269495144,129.76303702121356,216.2717283686893
SKU046,2025-12-29,56.616469427038304,42.462352070278726,70.77058678379788
SKU047,2025-12-29,105.30374353106261,78.97780764829696,131.62967941382826
SKU048,2025-12-29,52.15040545447095,39.11280409085321,65.18800681808868
SKU049,2025-12-29,173.52371795001022,130.14278846250767,216.90464743751278
SKU050,2025-12-29,40.5043958719191,30.378296903939326,50.63049483989887
SKU001,2026-01-05,92.65681861115063,69.49261395836297,115.82102326393829
SKU002,2026-01-05,63.03603155347328,47.27702366510496,78.7950394418416
SKU003,2026-01-05,35.43093034543376,26.57319775907532,44.288662931792196
SKU004,2026-01-05,36.13084374577104,27.098132809328277,45.1635546822138
SKU005,2026-01-05,114.5362797766048,85.9022098324536,143.170349720756
SKU006,2026-01-05,44.466357227130985,33.34976792034824,55.58294653391373
SKU007,2026-01-05,167.8554172113315,125.89156290849863,209.8192715141644
SKU008,2026-01-05,113.2251425867815,84.91885694008613,141.53142823347687
SKU009,2026-01-05,79.17599589052372,59.38199691789279,98.96999486315465
SKU010,2026-01-05,122.68085187033815,92.01063890275361,153.35106483792268
SKU011,2026-01-05,20.981598516521693,15.73619888739127,26.226998145652118
SKU012,2026-01-05,168.1323863973387,126.09928979800404,210.16548299667338
SKU013,2026-01-05,87.32360264971254,65.4927019872844,109.15450331214068
SKU014,2026-01-05,129.88878520832318,97.4165889062424,162.36098151040397
SKU015,2026-01-05,25.289031559931725,18.966773669948793,31.611289449914658
SKU016,2026-01-05,91.08628837203536,68.31471627902651,113.8578604650442
SKU017,2026-01-05,98.52929575344464,73.89697181508348,123.16161969180581
SKU018,2026-01-05,177.14293745450468,132.8572030908785,221.42867181813085
SKU019,2026-01-05,111.23983926206255,83.4298794465469,139.04979907757817
SKU020,2026-01-05,92.12925482220376,69.09694111665283,115.1615685277547
SKU021,2026-01-05,50.93525853470625,38.20144390102969,63.66907316838281
SKU022,2026-01-05,72.58340751880803,54.43755563910602,90.72925939851004
SKU023,2026-01-05,111.38589186603767,83.53941889952824,139.2323648325471
SKU024,2026-01-05,87.58397668615528,65.68798251461646,109.4799708576941
SKU025,2026-01-05,20.981598516521693,15.73619888739127,26.226998145652118
SKU026,2026-01-05,154.22864985909132,115.67148739431849,192.78581232386415
SKU027,2026-01-05,171.43409452353,128.5755708926475,214.2926181544125
SKU028,2026-01-05,35.578415427456484,26.68381157059236,44.47301928432061
SKU029,2026-01-05,113.36482371432352,85.02361778574264,141.7060296429044
SKU030,2026-01-05,30.991878158674673,23.243908619006007,38.73984769834334
SKU031,2026-01-05,115.61484691134233,86.71113518350674,144.5185586391779
SKU032,2026-01-05,60.07210866398198,45.05408149798649,75.09013582997747
SKU033,2026-01-05,116.93862208315807,87.70396656236855,146.17327760394758
SKU034,2026-01-05,133.92909665976796,100.44682249482597,167.41137082470996
SKU035,2026-01-05,134.88454481916676,101.16340861437507,168.60568102395845
SKU036,2026-01-05,33.58615471052384,25.189616032892882,41.9826933881548
SKU037,2026-01-05,162.51090496448228,121.88317872336171,203.13863120560285
SKU038,2026-01-05,55.242272601010896,41.431704450758176,69.05284075126362
SKU039,2026-01-05,20.980695348284797,15.735521511213598,26.225869185355997
SKU040,2026-01-05,100.64842639028907,75.48631979271681,125.81053298786134
SKU041,2026-01-05,77.45097094060618,58.08822820545464,96.81371367575773
SKU042,2026-01-05,163.10515008529254,122.32886256396941,203.88143760661566
SKU043,2026-01-05,143.63107943824923,107.72330957868692,179.53884929781154
SKU044,2026-01-05,63.34754899434972,47.51066174576229,79.18443624293715
SKU045,2026-01-05,156.78434348282155,117.58825761211617,195.98042935352694
SKU046,2026-01-05,60.275738853989814,45.20680414049236,75.34467356748726
SKU047,2026-01-05,104.62026705359085,78.46520029019314,130.77533381698856
SKU048,2026-01-05,54.309586105692006,40.732189579269004,67.88698263211501
SKU049,2026-01-05,184.44356920885048,138.33267690663786,230.5544615110631
SKU050,2026-01-05,42.73121805785224,32.04841354338918,53.4140225723153
SKU001,2026-01-12,85.86430258972082,64.39822694229062,107.33037823715102
SKU002,2026-01-12,69.5705435346266,52.17790765096994,86.96317941828325
SKU003,2026-01-12,36.47000351987093,27.352502639903197,45.587504399838664
SKU004,2026-01-12,35.669778773540536,26.7523340801554,44.58722346692567
SKU005,2026-01-12,113.21963437777116,84.91472578332836,141.52454297221394
SKU006,2026-01-12,45.04266199589406,33.78199649692054,56.303327494867574
SKU007,2026-01-12,164.72078963342332,123.54059222506748,205.90098704177916
SKU008,2026-01-12,114.61348865946049,85.96011649459537,143.26686082432562
SKU009,2026-01-12,79.15633489669277,59.36725117251957,98.94541862086596
SKU010,2026-01-12,119.14460420546709,89.35845315410032,148.93075525683386
SKU011,2026-01-12,19.446933793394493,14.58520034504587,24.308667241743116
SKU012,2026-01-12,163.51704929840827,122.6377869738062,204.39631162301032
SKU013,2026-01-12,85.58249878951005,64.18687409213254,106.97812348688757
SKU014,2026-01-12,135.61482236352546,101.71111677264409,169.51852795440684
SKU015,2026-01-12,23.626607726862964,17.71995579514722,29.533259658578707
SKU016,2026-01-12,89.84932580999265,67.38699435749449,112.31165726249081
SKU017,2026-01-12,99.85305778213173,74.8897933365988,124.81632222766466
SKU018,2026-01-12,169.27968382501584,126.95976286876189,211.5996047812698
SKU019,2026-01-12,115.75213184543115,86.81409888407336,144.69016480678894
SKU020,2026-01-12,90.15627019631329,67.61720264723496,112.69533774539161
SKU021,2026-01-12,57.30275082149167,42.97706311611876,71.62843852686458
SKU022,2026-01-12,76.26170105983421,57.19627579487566,95.32712632479276
SKU023,2026-01-12,106.03372521478433,79.52529391108824,132.5421565184804
SKU024,2026-01-12,86.77889691265942,65.08417268449456,108.47362114082428
SKU025,2026-01-12,19.536485465107855,14.65236409883089,24.42060683138482
SKU026,2026-01-12,149.5305592405998,112.14791943044986,186.91319905074977
SKU027,2026-01-12,165.8753378913256,124.4065034184942,207.34417236415698
SKU028,2026-01-12,34.1913951001088,25.6435463250816,42.739243875136
SKU029,2026-01-12,112.15194485536907,84.1139586415268,140.18993106921133
SKU030,2026-01-12,30.488255502827627,22.86619162712072,38.110319378534534
SKU031,2026-01-12,131.38895959902263,98.54171969926696,164.2361994987783
SKU032,2026-01-12,63.8645301216026,47.89839759120195,79.83066265200324
SKU033,2026-01-12,125.24048881579165,93.93036661184374,156.55061101973956
SKU034,2026-01-12,132.66882407716963,99.50161805787722,165.83603009646203
SKU035,2026-01-12,133.3531947275828,100.0148960456871,166.6914934094785
SKU036,2026-01-12,33.171020435712116,24.87826532678409,41.46377554464014
SKU037,2026-01-12,164.4454726883836,123.33410451628771,205.5568408604795
SKU038,2026-01-12,55.10850114476674,41.33137585857506,68.88562643095842
SKU039,2026-01-12,18.21553476489961,13.661651073674706,22.769418456124512
SKU040,2026-01-12,96.6817393580377,72.51130451852828,120.85217419754713
SKU041,2026-01-12,77.07223840195233,57.804178801464246,96.34029800244042
SKU042,2026-01-12,156.93277108556245,117.69957831417184,196.16596385695306
SKU043,2026-01-12,152.68294538502252,114.51220903876688,190.85368173127816
SKU044,2026-01-12,66.17436625939865,49.63077469454899,82.71795782424832
SKU045,2026-01-12,159.20776415897166,119.40582311922874,199.00970519871458
SKU046,2026-01-12,61.64962670193818,46.237220026453635,77.06203337742272
SKU047,2026-01-12,104.69047462630306,78.5178559697273,130.86309328287882
SKU048,2026-01-12,57.24490633190682,42.93367974893012,71.55613291488352
SKU049,2026-01-12,169.9122361085998,127.43417708144986,212.39029513574977
SKU050,2026-01-12,42.3420563126127,31.756542234459523,52.92757039076587
SKU001,2026-01-19,89.7870197793345,67.34026483450087,112.23377472416813
SKU002,2026-01-19,66.99173085884274,50.24379814413206,83.73966357355343
SKU003,2026-01-19,35.96502586405649,26.97376939804237,44.956282330070614
SKU004,2026-01-19,35.872005729518925,26.904004297139196,44.840007161898654
SKU005,2026-01-19,112.10757910617976,84.08068432963482,140.1344738827247
SKU006,2026-01-19,43.401275053439306,32.55095629007948,54.25159381679913
SKU007,2026-01-19,175.7583165384131,131.81873740380985,219.69789567301638
SKU008,2026-01-19,103.85673419391605,77.89255064543704,129.82091774239507
SKU009,2026-01-19,80.60821272261398,60.45615954196049,100.76026590326748
SKU010,2026-01-19,125.70417688755437,94.27813266566578,157.13022110944297
SKU011,2026-01-19,21.008702044717424,15.756526533538068,26.26087755589678
SKU012,2026-01-19,174.51243047145843,130.88432285359383,218.14053808932303
SKU013,2026-01-19,90.17472050488263,67.63104037866196,112.7184006311033
SKU014,2026-01-19,145.58989632685575,109.19242224514181,181.9873704085697
SKU015,2026-01-19,26.1822815259847,19.636711144488523,32.727851907480876
SKU016,2026-01-19,92.39310821030028,69.29483115772521,115.49138526287535
SKU017,2026-01-19,97.86192656042343,73.39644492031758,122.32740820052928
SKU018,2026-01-19,180.52273702299527,135.39205276724647,225.65342127874408
SKU019,2026-01-19,106.38597175890169,79.78947881917627,132.9824646986271
SKU020,2026-01-19,91.16614933353324,68.37461200014994,113.95768666691654
SKU021,2026-01-19,49.23196762349015,36.92397571761761,61.53995952936269
SKU022,2026-01-19,77.33246229478094,57.9993467210857,96.66557786847618
SKU023,2026-01-19,110.05534136660403,82.54150602495302,137.56917670825504
SKU024,2026-01-19,84.86231204933688,63.64673403700266,106.0778900616711
SKU025,2026-01-19,20.87888411526966,15.659163086452246,26.098605144087074
SKU026,2026-01-19,156.02217201831922,117.01662901373942,195.02771502289903
SKU027,2026-01-19,175.2700434536835,131.45253259026265,219.08755431710438
SKU028,2026-01-19,37.047475159719795,27.785606369789846,46.309343949649744
SKU029,2026-01-19,109.25986928104672,81.94490196078505,136.5748366013084
SKU030,2026-01-19,34.70382490723469,26.027868680426018,43.37978113404336
SKU031,2026-01-19,134.39938789736232,100.79954092302174,167.9992348717029
SKU032,2026-01-19,61.852101669716596,46.389076252287445,77.31512708714574
SKU033,2026-01-19,116.44694854175609,87.33521140631706,145.55868567719511
SKU034,2026-01-19,144.03439752938948,108.02579814704211,180.04299691173685
SKU035,2026-01-19,148.399729240565,111.29979693042375,185.49966155070624
SKU036,2026-01-19,35.981792238121145,26.98634417859086,44.977240297651434
SKU037,2026-01-19,175.7390787217546,131.80430904131595,219.67384840219324
SKU038,2026-01-19,55.10497057724597,41.32872793293448,68.88121322155746
SKU039,2026-01-19,20.792015094187317,15.594011320640487,25.990018867734147
SKU040,2026-01-19,90.3959409884019,67.79695574130143,112.99492623550238
SKU041,2026-01-19,76.04697426816743,57.03523070112557,95.0587178352093
SKU042,2026-01-19,163.4197580964176,122.56481857231321,204.274697620522
SKU043,2026-01-19,160.68501795207067,120.513763464053,200.85627244008833
SKU044,2026-01-19,67.26389304065655,50.44791978049241,84.0798663008207
SKU045,2026-01-19,166.27790656270096,124.70842992202572,207.8473832033762
SKU046,2026-01-19,62.73290156192357,47.04967617144268,78.41612695240445
SKU047,2026-01-19,104.67062946945305,78.50297210208979,130.8382868368163
SKU048,2026-01-19,57.370287507776865,43.027715630832645,71.71285938472109
SKU049,2026-01-19,179.05250828584192,134.28938121438145,223.8156353573024
SKU050,2026-01-19,42.639137068462425,31.97935280134682,53.29892133557803
SKU001,2026-01-26,88.97529235584334,66.7314692668825,111.21911544480417
SKU002,2026-01-26,67.52699413948889,50.64524560461667,84.40874267436112
SKU003,2026-01-26,35.27412088886223,26.45559066664667,44.092651111077785
SKU004,2026-01-26,35.77809685143523,26.83357263857642,44.72262106429404
SKU005,2026-01-26,108.68409477464697,81.51307108098523,135.85511846830872
SKU006,2026-01-26,39.673921645533575,29.755441234150183,49.59240205691697
SKU007,2026-01-26,165.56493524391996,124.17370143293996,206.95616905489996
SKU008,2026-01-26,106.28563738765183,79.71422804073887,132.8570467345648
SKU009,2026-01-26,77.94770955831436,58.46078216873577,97.43463694789295
SKU010,2026-01-26,120.7845107902957,90.58838309272177,150.9806384878696
SKU011,2026-01-26,19.43059914738599,14.572949360539493,24.288248934232488
SKU012,2026-01-26,168.68468300752806,126.51351225564605,210.85585375941008
SKU013,2026-01-26,90.97152884723488,68.22864663542616,113.7144110590436
SKU014,2026-01-26,141.3867725617293,106.04007942129697,176.7334657021616
SKU015,2026-01-26,24.29266833364222,18.219501250231666,30.36583541705277
SKU016,2026-01-26,92.48246933460501,69.36185200095376,115.60308666825627
SKU017,2026-01-26,102.62741023899903,76.97055767924928,128.28426279874878
SKU018,2026-01-26,169.2417345320539,126.93130089904042,211.55216816506737
SKU019,2026-01-26,103.43198652149974,77.5739898911248,129.28998315187468
SKU020,2026-01-26,92.76905574388829,69.57679180791621,115.96131967986037
SKU021,2026-01-26,54.81180880346003,41.108856602595026,68.51476100432504
SKU022,2026-01-26,77.63900199386873,58.22925149540155,97.04875249233592
SKU023,2026-01-26,108.36752767556686,81.27564575667515,135.45940959445858
SKU024,2026-01-26,88.95476166702652,66.71607125026989,111.19345208378314
SKU025,2026-01-26,17.7135791769825,13.285184382736874,22.141973971228126
SKU026,2026-01-26,148.16264340917007,111.12198255687755,185.2033042614626
SKU027,2026-01-26,169.41554990916916,127.06166243187687,211.76943738646145
SKU028,2026-01-26,35.57510551099541,26.681329133246557,44.46888188874426
SKU029,2026-01-26,109.76912348897615,82.32684261673211,137.2114043612202
SKU030,2026-01-26,31.008820693966594,23.256615520474945,38.761025867458244
SKU031,2026-01-26,132.05050552224674,99.03787914168505,165.06313190280844
SKU032,2026-01-26,62.91649866345807,47.187373997593554,78.64562332932259
SKU033,2026-01-26,124.82596157635902,93.61947118226927,156.0324519704488
SKU034,2026-01-26,144.74640881078622,108.55980660808967,180.93301101348277
SKU035,2026-01-26,147.91603292503822,110.93702469377867,184.8950411562978
SKU036,2026-01-26,33.21447957641348,24.91085968231011,41.51809947051685
SKU037,2026-01-26,166.48824364518737,124.86618273389053,208.1103045564842
SKU038,2026-01-26,56.44827319848346,42.3362048988626,70.56034149810432
SKU039,2026-01-26,18.173335323423828,13.630001492567871,22.716669154279785
SKU040,2026-01-26,101.06683487336527,75.80012615502395,126.33354359170659
SKU041,2026-01-26,77.86609608257672,58.39957206193254,97.3326201032209
SKU042,2026-01-26,156.22399182234696,117.16799386676021,195.2799897779337
SKU043,2026-01-26,154.5481962675881,115.91114720069109,193.18524533448513
SKU044,2026-01-26,64.38072381396971,48.28554286047728,80.47590476746214
SKU045,2026-01-26,168.4641628388953,126.34812212917149,210.58020354861912
SKU046,2026-01-26,66.10805622339329,49.581042167544965,82.63507027924162
SKU047,2026-01-26,109.21059698750139,81.90794774062604,136.51324623437674
SKU048,2026-01-26,55.86556430772657,41.89917323079493,69.83195538465822
SKU049,2026-01-26,167.3291505038003,125.49686287785022,209.16143812975037
SKU050,2026-01-26,40.02494614275642,30.018709607067315,50.031182678445525
SKU001,2026-02-02,96.72619732686917,72.54464799515188,120.90774665858646
SKU002,2026-02-02,69.44159561300992,52.08119670975744,86.8019945162624
SKU003,2026-02-02,40.28213857119614,30.211603928397107,50.352673213995175
SKU004,2026-02-02,36.90473893743649,27.67855420307737,46.130923671795614
SKU005,2026-02-02,119.02620858677244,89.26965644007933,148.78276073346555
SKU006,2026-02-02,41.78709564096335,31.340321730722515,52.23386955120419
SKU007,2026-02-02,184.3418480088138,138.25638600661034,230.42731001101725
SKU008,2026-02-02,115.9766340291791,86.98247552188433,144.97079253647388
SKU009,2026-02-02,84.59711610951877,63.447837082139074,105.74639513689846
SKU010,2026-02-02,124.87626806434554,93.65720104825915,156.09533508043194
SKU011,2026-02-02,20.696003693182373,15.522002769886779,25.870004616477967
SKU012,2026-02-02,182.63570801145747,136.9767810085931,228.29463501432184
SKU013,2026-02-02,101.9939430009923,76.49545725074422,127.49242875124038
SKU014,2026-02-02,145.97482150831175,109.48111613123382,182.46852688538968
SKU015,2026-02-02,26.6026166786597,19.951962508994775,33.253270848324625
SKU016,2026-02-02,97.17718781866374,72.8828908639978,121.47148477332968
SKU017,2026-02-02,104.08870283643299,78.06652712732475,130.11087854554123
SKU018,2026-02-02,187.93375205446074,140.95031404084557,234.9171900680759
SKU019,2026-02-02,108.66204141002251,81.49653105751688,135.82755176252815
SKU020,2026-02-02,97.13318878965137,72.84989159223852,121.41648598706422
SKU021,2026-02-02,53.3481540837303,40.01111556279773,66.68519260466287
SKU022,2026-02-02,78.56035658882674,58.920267441620055,98.20044573603342
SKU023,2026-02-02,116.29025674108121,87.21769255581091,145.3628209263515
SKU024,2026-02-02,96.39526052698471,72.29644539523854,120.49407565873089
SKU025,2026-02-02,20.820301683684374,15.61522626276328,26.025377104605468
SKU026,2026-02-02,170.27346676892594,127.70510007669446,212.84183346115742
SKU027,2026-02-02,187.96246463979764,140.97184847984823,234.95308079974706
SKU028,2026-02-02,38.79251326185081,29.094384946388104,48.49064157731351
SKU029,2026-02-02,112.9986839044392,84.7490129283294,141.24835488054902
SKU030,2026-02-02,33.77248982996515,25.329367372473865,42.21561228745644
SKU031,2026-02-02,129.06128302542623,96.79596226906968,161.3266037817828
SKU032,2026-02-02,68.43266841689116,51.324501312668374,85.54083552111395
SKU033,2026-02-02,120.04701215796769,90.03525911847576,150.0587651974596
SKU034,2026-02-02,144.59557550871386,108.4466816315354,180.74446938589233
SKU035,2026-02-02,154.7607272254355,116.07054541907661,193.45090903179437
SKU036,2026-02-02,35.33513986284942,26.501354897137062,44.16892482856177
SKU037,2026-02-02,183.57267205139533,137.6795040385465,229.46584006424416
SKU038,2026-02-02,57.45673803634533,43.092553527259,71.82092254543166
SKU039,2026-02-02,20.3982685664626,15.29870142484695,25.497835708078252
SKU040,2026-02-02,99.10440193458587,74.32830145093939,123.88050241823234
SKU041,2026-02-02,82.27765742478638,61.70824306858979,102.84707178098299
SKU042,2026-02-02,167.7506765771736,125.8130074328802,209.68834572146702
SKU043,2026-02-02,176.8877690873375,132.66582681550312,221.10971135917185
SKU044,2026-02-02,71.47882050893442,53.60911538170082,89.34852563616802
SKU045,2026-02-02,179.19804324745235,134.39853243558926,223.99755405931543
SKU046,2026-02-02,66.86774773623463,50.150810802175975,83.58468467029329
SKU047,2026-02-02,116.20349821551063,87.15262366163297,145.25437276938828
SKU048,2026-02-02,55.203413557518864,41.402560168139146,69.00426694689858
SKU049,2026-02-02,192.57171560012813,144.4287867000961,240.71464450016015
SKU050,2026-02-02,44.672978215777704,33.50473366183328,55.84122276972213
SKU001,2026-02-09,87.443436530186,65.58257739763951,109.3042956627325
SKU002,2026-02-09,70.39127812992662,52.79345859744497,87.98909766240827
SKU003,2026-02-09,42.23416411205828,31.67562308404371,52.792705140072854
SKU004,2026-02-09,37.55727737763385,28.16795803322539,46.946596722042315
SKU005,2026-02-09,129.20893499994412,96.90670124995809,161.51116874993016
SKU006,2026-02-09,45.96054609612727,34.47040957209545,57.450682620159085
SKU007,2026-02-09,182.13777773561168,136.60333330170874,227.6722221695146
SKU008,2026-02-09,127.98395175557084,95.98796381667813,159.97993969446355
SKU009,2026-02-09,78.60442034054493,58.9533152554087,98.25552542568117
SKU010,2026-02-09,134.1931275794655,100.64484568459913,167.74140947433187
SKU011,2026-02-09,19.52347921260489,14.642609409453668,24.40434901575611
SKU012,2026-02-09,182.47025437201094,136.8526907790082,228.08781796501367
SKU013,2026-02-09,99.61870967327557,74.71403225495668,124.52338709159447
SKU014,2026-02-09,153.06087334385376,114.79565500789032,191.32609167981718
SKU015,2026-02-09,24.169455914931145,18.127091936198358,30.211819893663932
SKU016,2026-02-09,105.95463394021489,79.46597545516117,132.44329242526862
SKU017,2026-02-09,111.03194265685048,83.27395699263786,138.7899283210631
SKU018,2026-02-09,194.6620273001183,145.99652047508872,243.32753412514788
SKU019,2026-02-09,116.47306438833687,87.35479829125265,145.59133048542108
SKU020,2026-02-09,104.40363913502955,78.30272935127216,130.50454891878695
SKU021,2026-02-09,57.093992869869254,42.82049465240194,71.36749108733656
SKU022,2026-02-09,74.71995190422295,56.03996392816721,93.3999398802787
SKU023,2026-02-09,126.93521166925224,95.20140875193918,158.6690145865653
SKU024,2026-02-09,100.08399841031094,75.06299880773321,125.10499801288867
SKU025,2026-02-09,19.658791098804684,14.744093324103513,24.573488873505855
SKU026,2026-02-09,167.2607267847672,125.4455450885754,209.07590848095901
SKU027,2026-02-09,192.67386023272348,144.50539517454263,240.84232529090434
SKU028,2026-02-09,38.97876699423186,29.234075245673896,48.72345874278983
SKU029,2026-02-09,123.55621033955443,92.66715775466582,154.44526292444303
SKU030,2026-02-09,31.437154012376585,23.57786550928244,39.29644251547073
SKU031,2026-02-09,135.6850935238701,101.76382014290257,169.60636690483764
SKU032,2026-02-09,71.7023966661974,53.776797499648055,89.62799583274675
SKU033,2026-02-09,139.16539461263113,104.37404595947335,173.95674326578893
SKU034,2026-02-09,149.51602111909276,112.13701583931956,186.89502639886595
SKU035,2026-02-09,166.5421980838927,124.90664856291954,208.17774760486589
SKU036,2026-02-09,34.068952458226036,25.551714343669527,42.58619057278254
SKU037,2026-02-09,179.8230862500673,134.86731468755048,224.7788578125841
SKU038,2026-02-09,57.20027840272486,42.90020880204365,71.50034800340607
SKU039,2026-02-09,19.411061094631396,14.558295820973548,24.263826368289244
SKU040,2026-02-09,108.71827182005374,81.5387038650403,135.89783977506718
SKU041,2026-02-09,79.0804252556467,59.31031894173503,98.85053156955837
SKU042,2026-02-09,171.12046566862907,128.3403492514718,213.90058208578634
SKU043,2026-02-09,171.84115120664467,128.8808634049835,214.80143900830583
SKU044,2026-02-09,66.4254776785293,49.819108258896975,83.03184709816163
SKU045,2026-02-09,177.50088721885325,133.12566541413995,221.87610902356656
SKU046,2026-02-09,65.86787328200677,49.40090496150508,82.33484160250846
SKU047,2026-02-09,118.60659988555558,88.95494991416669,148.25824985694447
SKU048,2026-02-09,60.01071070886069,45.00803303164552,75.01338838607586
SKU049,2026-02-09,195.52452595689482,146.6433944676711,244.40565744611854
SKU050,2026-02-09,45.07610129625207,33.807075972189054,56.345126620315085
SKU001,2026-02-16,97.24676552219728,72.93507414164796,121.5584569027466
SKU002,2026-02-16,75.43040349893394,56.572802624200456,94.28800437366743
SKU003,2026-02-16,42.771889452398526,32.0789170892989,53.46486181549815
SKU004,2026-02-16,36.82595940113362,27.61946955085022,46.03244925141703
SKU005,2026-02-16,125.42268872354786,94.0670165426609,156.77836090443483
SKU006,2026-02-16,43.862720004166306,32.89704000312473,54.82840000520788
SKU007,2026-02-16,173.2701901132256,129.9526425849192,216.587737641532
SKU008,2026-02-16,124.21706174542335,93.16279630906752,155.27132718177918
SKU009,2026-02-16,86.86068940615378,65.14551705461534,108.57586175769222
SKU010,2026-02-16,128.1281457395489,96.09610930466167,160.16018217443613
SKU011,2026-02-16,20.55189700837687,15.413922756282652,25.689871260471087
SKU012,2026-02-16,192.339642384721,144.25473178854077,240.42455298090124
SKU013,2026-02-16,104.95825319565576,78.71868989674182,131.1978164945697
SKU014,2026-02-16,151.72580293888342,113.79435220416256,189.65725367360426
SKU015,2026-02-16,24.37951202773489,18.284634020801168,30.474390034668613
SKU016,2026-02-16,104.74937280871653,78.5620296065374,130.93671601089565
SKU017,2026-02-16,117.19222872607534,87.89417154455651,146.49028590759417
SKU018,2026-02-16,194.62185483382538,145.96639112536903,243.27731854228173
SKU019,2026-02-16,126.90890847810543,95.18168135857907,158.63613559763178
SKU020,2026-02-16,103.92619675585624,77.94464756689217,129.9077459448203
SKU021,2026-02-16,58.43534509682561,43.8265088226192,73.04418137103201
SKU022,2026-02-16,84.1778071936392,63.1333553952294,105.22225899204899
SKU023,2026-02-16,113.01407028263378,84.76055271197534,141.26758785329224
SKU024,2026-02-16,104.88206812066761,78.66155109050071,131.1025851508345
SKU025,2026-02-16,21.085139149990678,15.813854362493007,26.356423937488348
SKU026,2026-02-16,167.59227391339465,125.69420543504599,209.4903423917433
SKU027,2026-02-16,191.62700263286828,143.7202519746512,239.53375329108536
SKU028,2026-02-16,38.3793339387524,28.7845004540643,47.974167423440505
SKU029,2026-02-16,119.12744249847492,89.34558187385619,148.90930312309365
SKU030,2026-02-16,34.29574109810616,25.721805823579622,42.8696763726327
SKU031,2026-02-16,137.64389924005252,103.23292443003939,172.05487405006565
SKU032,2026-02-16,74.90111924130791,56.17583943098093,93.62639905163489
SKU033,2026-02-16,135.86799593402532,101.90099695051899,169.83499491753165
SKU034,2026-02-16,156.27526457040813,117.2064484278061,195.34408071301016
SKU035,2026-02-16,159.01260222716525,119.25945167037393,198.76575278395654
SKU036,2026-02-16,35.569505920014386,26.677129440010788,44.461882400017984
SKU037,2026-02-16,172.5337084181854,129.40028131363906,215.66713552273174
SKU038,2026-02-16,63.158131575276734,47.36859868145755,78.94766446909591
SKU039,2026-02-16,21.393215421273972,16.04491156595548,26.741519276592463
SKU040,2026-02-16,118.40866180526488,88.80649635394866,148.0108272565811
SKU041,2026-02-16,85.04667101387953,63.78500326040965,106.30833876734941
SKU042,2026-02-16,171.9659848472766,128.97448863545745,214.95748105909573
SKU043,2026-02-16,164.81740817047404,123.61305612785553,206.02176021309253
SKU044,2026-02-16,70.16944707986794,52.62708530990095,87.71180884983492
SKU045,2026-02-16,174.7485084030154,131.06138130226154,218.43563550376925
SKU046,2026-02-16,68.01128905118884,51.00846678839163,85.01411131398605
SKU047,2026-02-16,122.54320968949231,91.90740726711924,153.1790121118654
SKU048,2026-02-16,65.74122943798164,49.30592207848623,82.17653679747706
SKU049,2026-02-16,200.2114226796877,150.15856700976576,250.26427834960964
SKU050,2026-02-16,44.09223007361467,33.069172555211004,55.11528759201834
