sku_id,category,on_hand_units,on_order_units,lead_time_days,forecast_lead_time_demand,forecast_total_horizon,stockout_risk,overstock_risk,risk_quadrant,recommended_action,sales_at_risk_rupees,capital_locked_rupees,rupees_at_stake
SKU012,Home Decor,47,60,12,338.2117789118787,1402.371546457463,1.0,0.0,Reorder Now,Raise a replenishment order before stock runs out.,2170363.6754255807,0.0,2170363.6754255807
SKU020,Storage,1002,353,3,93.0599508819086,764.7437056583843,0.0,0.24576083294827283,Healthy,No action needed; leave as is.,0.0,1589619.5446517684,1589619.5446517684
SKU017,Home Decor,95,26,12,196.95315466546015,829.6084234663731,0.7441116093866718,0.0,Reorder Now,Raise a replenishment order before stock runs out.,1559429.7571085985,0.0,1559429.7571085985
SKU025,Storage,1124,61,14,38.91175820393083,158.6049388937706,0.0,1.0,Markdown / Clear,Promote or discount to free up capital.,0.0,1286948.8480594922,1286948.8480594922
SKU031,Furniture,93,40,13,236.79468409987297,1037.0238129078534,0.5331246135599899,0.0,Reorder Now,Raise a replenishment order before stock runs out.,1148713.2409866059,0.0,1148713.2409866059
SKU011,Furniture,753,269,3,18.401781411214724,160.04099482739846,0.0,0.6142138374865314,Markdown / Clear,Promote or discount to free up capital.,0.0,1018940.7544885986,1018940.7544885986
SKU036,Furniture,383,135,3,30.12774545372265,271.0547906555831,0.0,0.11595792629821501,Healthy,No action needed; leave as is.,0.0,607875.9201653053,607875.9201653053
SKU006,Furniture,359,485,13,83.54500732259488,343.27322775871875,0.0,0.016290504141651833,Healthy,No action needed; leave as is.,0.0,94705.20702749399,94705.20702749399
SKU040,Storage,67,29,9,91.3014756361366,806.325752806135,0.1266180591147898,0.0,Healthy,No action needed; leave as is.,76706.14413489091,0.0,76706.14413489091
SKU001,Furniture,771,147,4,88.96696859390933,727.6668013092111,0.0,0.04488649303957919,Healthy,No action needed; leave as is.,0.0,76199.26323781772,76199.26323781772
SKU023,Kitchen,130,79,12,220.8177655616559,901.5138985115784,0.21365391970454356,0.0,Healthy,No action needed; leave as is.,74829.04118182039,0.0,74829.04118182039
SKU010,Storage,83,70,13,237.98232987012642,990.8131631368035,0.43275579481292203,0.0,Healthy,No action needed; leave as is.,70978.49657563408,0.0,70978.49657563408
SKU034,Lighting,34,103,5,136.79814008981182,1142.56372836514,0.13671735318833467,0.0,Healthy,No action needed; leave as is.,51310.30839594692,0.0,51310.30839594692
SKU003,Kitchen,349,12,3,33.823230297075874,302.25150305095224,0.0,0.04842421391246758,Healthy,No action needed; leave as is.,0.0,27557.303981524678,27557.303981524678
SKU035,Storage,670,76,8,142.16363777036554,1187.0326670192117,0.0,0.0,Healthy,No action needed; leave as is.,0.0,0.0,0.0
SKU037,Home Decor,355,687,8,161.13483975038503,1366.248006489841,0.0,0.0,Healthy,No action needed; leave as is.,0.0,0.0,0.0
SKU033,Kitchen,208,168,12,228.8713359921668,990.4651376306977,0.0,0.0,Healthy,No action needed; leave as is.,0.0,0.0,0.0
SKU038,Kitchen,159,310,12,107.8940123055238,452.3709052403669,0.0,0.0,Healthy,No action needed; leave as is.,0.0,0.0,0.0
SKU042,Home Decor,90,120,6,161.93259691916,1312.451395101859,0.0,0.0,Healthy,No action needed; leave as is.,0.0,0.0,0.0
SKU039,Lighting,93,35,3,17.356484984872218,156.72061059803573,0.0,0.0,Healthy,No action needed; leave as is.,0.0,0.0,0.0
SKU041,Furniture,440,40,4,74.29478738607841,629.1358207736937,0.0,0.0,Healthy,No action needed; leave as is.,0.0,0.0,0.0
SKU043,Kitchen,559,211,12,303.9969793664393,1285.4594674355767,0.0,0.0,Healthy,No action needed; leave as is.,0.0,0.0,0.0
SKU044,Lighting,223,39,5,57.23823617137592,526.4785135470822,0.0,0.0,Healthy,No action needed; leave as is.,0.0,0.0,0.0
SKU045,Storage,307,142,4,173.01738269495144,1355.198998607662,0.0,0.0,Healthy,No action needed; leave as is.,0.0,0.0,0.0
SKU046,Furniture,119,182,4,56.616469427038304,508.1297028377134,0.0,0.0,Healthy,No action needed; leave as is.,0.0,0.0,0.0
SKU047,Home Decor,201,129,9,105.3037435310626,885.8490194584695,0.0,0.0,Healthy,No action needed; leave as is.,0.0,0.0,0.0
SKU048,Kitchen,106,50,3,52.15040545447095,457.8961034119344,0.0,0.0,Healthy,No action needed; leave as is.,0.0,0.0,0.0
SKU049,Lighting,780,599,5,173.52371795001022,1462.5688462938133,0.0,0.0,Healthy,No action needed; leave as is.,0.0,0.0,0.0
SKU032,Home Decor,278,214,11,123.11931781057027,526.788632589744,0.0,0.0,Healthy,No action needed; leave as is.,0.0,0.0,0.0
SKU026,Furniture,160,70,5,147.44622197670628,1260.5167139709745,0.0,0.0,Healthy,No action needed; leave as is.,0.0,0.0,0.0
SKU030,Storage,166,32,9,28.021920466368297,254.7200846695198,0.0,0.0,Healthy,No action needed; leave as is.,0.0,0.0,0.0
SKU029,Lighting,261,520,5,113.49793340798637,913.7260314901704,0.0,0.0,Healthy,No action needed; leave as is.,0.0,0.0,0.0
SKU004,Lighting,259,254,6,34.23520181240767,288.97390262887734,0.0,0.0,Healthy,No action needed; leave as is.,0.0,0.0,0.0
SKU005,Storage,471,291,6,111.69783381952584,933.903254164993,0.0,0.0,Healthy,No action needed; leave as is.,0.0,0.0,0.0
SKU007,Home Decor,207,460,8,174.0871115708861,1387.7363860556252,0.0,0.0,Healthy,No action needed; leave as is.,0.0,0.0,0.0
SKU008,Kitchen,325,155,3,109.95777179328564,916.1164221512688,0.0,0.0,Healthy,No action needed; leave as is.,0.0,0.0,0.0
SKU009,Lighting,75,89,7,75.57083408141587,642.5213130057782,0.0,0.0,Healthy,No action needed; leave as is.,0.0,0.0,0.0
SKU013,Kitchen,151,95,4,89.17491290941716,749.7981695706809,0.0,0.0,Healthy,No action needed; leave as is.,0.0,0.0,0.0
SKU014,Lighting,309,334,10,133.0714122898337,1136.3131865413163,0.0,0.0,Healthy,No action needed; leave as is.,0.0,0.0,0.0
SKU015,Storage,187,245,9,23.474274984649295,198.01644875239663,0.0,0.0,Healthy,No action needed; leave as is.,0.0,0.0,0.0
SKU016,Furniture,255,187,11,181.11048832707485,763.7165862495679,0.0,0.0,Healthy,No action needed; leave as is.,0.0,0.0,0.0
SKU018,Kitchen,235,102,8,176.0985350696792,1449.5032620926531,0.0,0.0,Healthy,No action needed; leave as is.,0.0,0.0,0.0
SKU019,Lighting,227,114,14,217.90207148610585,895.5161758884033,0.0,0.0,Healthy,No action needed; leave as is.,0.0,0.0,0.0
SKU021,Furniture,88,97,9,49.269044311308235,430.4283221448815,0.0,0.0,Healthy,No action needed; leave as is.,0.0,0.0,0.0
SKU022,Home Decor,95,194,8,73.91551042166175,615.1901989756425,0.0,0.0,Healthy,No action needed; leave as is.,0.0,0.0,0.0
SKU024,Lighting,341,18,14,176.42134155042982,738.3786392374159,0.0,0.0,Healthy,No action needed; leave as is.,0.0,0.0,0.0
SKU002,Home Decor,526,29,3,59.36853915843171,541.7571164867337,0.0,0.0,Healthy,No action needed; leave as is.,0.0,0.0,0.0
SKU027,Home Decor,567,103,3,168.36694576438447,1422.6252990474823,0.0,0.0,Healthy,No action needed; leave as is.,0.0,0.0,0.0
SKU028,Kitchen,174,55,11,68.49232275452357,291.45691272018263,0.0,0.0,Healthy,No action needed; leave as is.,0.0,0.0,0.0
SKU050,Storage,328,525,14,83.23561392977135,342.08306303924735,0.0,0.0,Healthy,No action needed; leave as is.,0.0,0.0,0.0
